{
  "schemaVersion": 1,
  "id": "trewrite",
  "version": "${version}",

  "name": "Trewrite",
  "description": "This is an example description! Tell everyone what your mod is about!",
  "authors": [
    "Kelvin285"
  ],
  "contact": {
    "homepage": "https://fabricmc.net/",
    "sources": "https://github.com/FabricMC/fabric-example-mod"
  },

  "license": "CC0-1.0",
  "icon": "assets/modid/icon.png",

  "environment": "*",
  "entrypoints": {
    "main": [
      "kelvin.trewrite.main.Trewrite"
    ]
  },
  "mixins": [
    "modid.mixins.json"
  ],

  "depends": {
    "fabricloader": ">=0.7.4",
    "fabric": "*",
    "minecraft": "1.17.x"
  },
  "suggests": {
    "another-mod": "*"
  }
}
